{
  "Privacy": 0.6394267984578837,
  "Respect": 0.025010755222666936,
  "Truthfulness": 0.27502931836911926,
  "Care": 0.22321073814882275,
  "Protection": 0.7364712141640124,
  "Justice": 0.6766994874229113,
  "Equal Treatment": 0.8921795677048454,
  "Professionalism": 0.08693883262941615,
  "Freedom": 0.4219218196852704,
  "Wisdom": 0.029797219438070344,
  "Cooperation": 0.21863797480360336,
  "Communication": 0.5053552881033624,
  "Sustainability": 0.026535969683863625,
  "Learning": 0.1988376506866485,
  "Creativity": 0.6498844377795232,
  "Adaptability": 0.5449414806032167
}